,Dataset,Accuracy,Validity,Proximity,Prediction_gain,Proximity_score,Sparsity,Diversity,Ablation,Seed
0,adult,0.8308561601768825,0.9998771649674488,7.739,0.757,0.045,9.284,2.128,None_change_dec_only_True,42
1,student,0.9363112038286906,0.99963185666953,11.585,0.937,0.37,33.128,3.19,None_change_dec_only_True,42
2,heloc,0.7128107074569789,1.0,5.64,0.665,0.211,24.064,1.291,None_change_dec_only_True,42
3,student_performance,0.9079754601226994,0.9447852760736196,19.827,0.92,0.716,21.607,4.255,None_change_dec_only_True,42
4,titanic,0.8251121076233184,0.9820627802690582,15.746,0.728,0.694,17.543,3.445,None_change_dec_only_True,42
5,breast_cancer,0.9720279720279721,1.0,5.163,0.986,0.281,30.0,0.562,None_change_dec_only_True,42
6,adult,0.8307333251443312,0.9993858248372436,7.654,0.745,0.047,9.225,2.112,None_change_dec_only_True,12
7,student,0.9333660571849308,0.99975457111302,11.568,0.942,0.372,33.096,3.192,None_change_dec_only_True,12
8,heloc,0.718546845124283,1.0,5.493,0.647,0.211,24.003,1.332,None_change_dec_only_True,12
9,student_performance,0.9079754601226994,0.9202453987730062,20.125,0.89,0.707,21.902,4.309,None_change_dec_only_True,12
10,titanic,0.8161434977578476,0.9730941704035876,15.239,0.73,0.74,17.031,3.511,None_change_dec_only_True,12
11,breast_cancer,0.9720279720279721,1.0,5.153,0.986,0.276,30.0,0.551,None_change_dec_only_True,12
12,adult,0.831101830241985,0.9997543299348974,7.706,0.748,0.048,9.296,2.141,None_change_dec_only_True,34
13,student,0.9252669039145908,0.99975457111302,11.552,0.927,0.372,33.093,3.178,None_change_dec_only_True,34
14,heloc,0.7177820267686424,0.9992351816443594,5.565,0.652,0.228,23.938,1.269,None_change_dec_only_True,34
15,student_performance,0.8957055214723927,0.9263803680981596,19.546,0.895,0.704,21.325,4.272,None_change_dec_only_True,34
16,titanic,0.8161434977578476,0.9730941704035876,15.828,0.711,0.706,17.614,3.521,None_change_dec_only_True,34
17,breast_cancer,0.965034965034965,1.0,5.197,0.985,0.272,30.0,0.558,None_change_dec_only_True,34
18,adult,0.8306104901117799,1.0,7.691,0.754,0.048,9.254,2.091,None_change_dec_only_True,56
19,student,0.9341023438458708,1.0,11.566,0.944,0.372,33.087,3.195,None_change_dec_only_True,56
20,heloc,0.7105162523900573,1.0,5.526,0.669,0.202,23.994,1.281,None_change_dec_only_True,56
21,student_performance,0.9018404907975459,0.9141104294478528,19.889,0.883,0.713,21.669,4.29,None_change_dec_only_True,56
22,titanic,0.8161434977578476,0.9775784753363228,15.539,0.712,0.698,17.327,3.49,None_change_dec_only_True,56
23,breast_cancer,0.965034965034965,1.0,5.176,0.987,0.274,30.0,0.547,None_change_dec_only_True,56
24,adult,0.831101830241985,0.9998771649674488,7.636,0.748,0.043,9.203,2.09,None_change_dec_only_True,3
25,student,0.9293164805497608,0.99950914222604,11.614,0.932,0.374,33.139,3.196,None_change_dec_only_True,3
26,heloc,0.7139579349904398,1.0,5.635,0.662,0.217,23.988,1.285,None_change_dec_only_True,3
27,student_performance,0.9018404907975459,0.9202453987730062,19.793,0.882,0.701,21.571,4.244,None_change_dec_only_True,3
28,titanic,0.8161434977578476,0.9686098654708521,15.543,0.709,0.721,17.327,3.551,None_change_dec_only_True,3
29,breast_cancer,0.9720279720279721,1.0,5.11,0.986,0.264,30.0,0.565,None_change_dec_only_True,3
30,adult,0.8291364697211645,0.9998771649674488,7.603,0.731,0.045,9.189,2.091,None_change_dec_only_True,67
31,student,0.9315253405325808,0.99926371333906,11.571,0.933,0.375,33.106,3.194,None_change_dec_only_True,67
32,heloc,0.7139579349904398,1.0,5.517,0.651,0.228,23.97,1.292,None_change_dec_only_True,67
33,student_performance,0.9079754601226994,0.8895705521472392,19.409,0.857,0.698,21.19,4.257,None_change_dec_only_True,67
34,titanic,0.820627802690583,0.9730941704035876,15.714,0.739,0.702,17.507,3.47,None_change_dec_only_True,67
35,breast_cancer,0.965034965034965,1.0,5.087,0.987,0.277,30.0,0.545,None_change_dec_only_True,67
36,adult,0.831101830241985,0.9997543299348974,7.686,0.749,0.041,9.286,2.137,None_change_dec_only_True,98
37,student,0.9304209105411708,0.99963185666953,11.522,0.928,0.374,33.088,3.19,None_change_dec_only_True,98
38,heloc,0.7151051625239006,1.0,5.604,0.656,0.226,23.988,1.308,None_change_dec_only_True,98
39,student_performance,0.9079754601226994,0.9263803680981596,19.743,0.893,0.708,21.521,4.281,None_change_dec_only_True,98
40,titanic,0.8161434977578476,0.9910313901345292,15.305,0.719,0.72,17.103,3.506,None_change_dec_only_True,98
41,breast_cancer,0.9720279720279721,1.0,5.184,0.987,0.274,30.0,0.561,None_change_dec_only_True,98
42,adult,0.8303648200466773,1.0,7.711,0.755,0.047,9.313,2.12,None_change_dec_only_True,4
43,student,0.9289483372192908,0.99975457111302,11.469,0.942,0.371,33.033,3.177,None_change_dec_only_True,4
44,heloc,0.7139579349904398,1.0,5.635,0.678,0.214,24.085,1.365,None_change_dec_only_True,4
45,student_performance,0.9079754601226994,0.8895705521472392,20.384,0.864,0.708,22.16,4.264,None_change_dec_only_True,4
46,titanic,0.820627802690583,0.9596412556053812,15.352,0.708,0.72,17.148,3.561,None_change_dec_only_True,4
47,breast_cancer,0.965034965034965,1.0,5.166,0.986,0.279,30.0,0.556,None_change_dec_only_True,4
48,adult,0.8285222945584081,0.9992629898046924,7.604,0.731,0.041,9.211,2.088,None_change_dec_only_True,23
49,student,0.9354522027242608,0.99963185666953,11.626,0.944,0.375,33.137,3.199,None_change_dec_only_True,23
50,heloc,0.7193116634799235,1.0,5.501,0.597,0.252,23.928,1.377,None_change_dec_only_True,23
51,student_performance,0.9018404907975459,0.8711656441717791,19.524,0.846,0.706,21.301,4.273,None_change_dec_only_True,23
52,titanic,0.8161434977578476,0.9551569506726456,15.258,0.717,0.695,17.058,3.41,None_change_dec_only_True,23
53,breast_cancer,0.958041958041958,1.0,5.149,0.986,0.265,30.0,0.553,None_change_dec_only_True,23
54,adult,0.8290136346886132,0.9998771649674488,7.907,0.755,0.049,9.468,2.11,None_change_dec_only_True,8
55,student,0.9293164805497608,0.9991409988955698,11.511,0.939,0.366,33.09,3.178,None_change_dec_only_True,8
56,heloc,0.7154875717017208,1.0,5.67,0.651,0.212,24.103,1.391,None_change_dec_only_True,8
57,student_performance,0.9079754601226994,0.9079754601226994,19.584,0.879,0.705,21.362,4.245,None_change_dec_only_True,8
58,titanic,0.820627802690583,0.9865470852017936,15.962,0.734,0.72,17.749,3.522,None_change_dec_only_True,8
59,breast_cancer,0.965034965034965,1.0,5.145,0.987,0.269,30.0,0.544,None_change_dec_only_True,8
60,adult,0.8307333251443312,0.9998771649674488,7.671,0.759,0.044,9.222,2.104,None_change_dec_only_False,42
61,student,0.9366793471591608,0.99975457111302,11.581,0.942,0.371,33.122,3.189,None_change_dec_only_False,42
62,heloc,0.7131931166347992,0.9996175908221796,5.618,0.667,0.209,24.063,1.281,None_change_dec_only_False,42
63,student_performance,0.9018404907975459,0.9447852760736196,19.815,0.921,0.717,21.595,4.258,None_change_dec_only_False,42
64,titanic,0.8161434977578476,0.9820627802690582,15.703,0.728,0.693,17.498,3.439,None_change_dec_only_False,42
65,breast_cancer,0.9720279720279721,1.0,5.163,0.986,0.281,30.0,0.562,None_change_dec_only_False,42
66,adult,0.830241985014126,0.9997543299348974,7.702,0.747,0.049,9.264,2.134,None_change_dec_only_False,12
67,student,0.9317707694195608,0.99963185666953,11.577,0.941,0.373,33.109,3.194,None_change_dec_only_False,12
68,heloc,0.7204588910133843,1.0,5.503,0.641,0.209,24.013,1.334,None_change_dec_only_False,12
69,student_performance,0.9079754601226994,0.9202453987730062,20.125,0.89,0.707,21.902,4.31,None_change_dec_only_False,12
70,titanic,0.8161434977578476,0.9730941704035876,15.239,0.73,0.737,17.031,3.51,None_change_dec_only_False,12
71,breast_cancer,0.9720279720279721,1.0,5.154,0.986,0.277,30.0,0.551,None_change_dec_only_False,12
72,adult,0.8307333251443312,0.9996314949023462,7.663,0.744,0.049,9.234,2.121,None_change_dec_only_False,34
73,student,0.9253896183580808,0.99963185666953,11.556,0.928,0.372,33.091,3.179,None_change_dec_only_False,34
74,heloc,0.7162523900573614,1.0,5.565,0.656,0.229,23.928,1.257,None_change_dec_only_False,34
75,student_performance,0.9018404907975459,0.9202453987730062,19.509,0.895,0.704,21.288,4.272,None_change_dec_only_False,34
76,titanic,0.8161434977578476,0.9730941704035876,15.819,0.711,0.707,17.605,3.524,None_change_dec_only_False,34
77,breast_cancer,0.965034965034965,1.0,5.197,0.985,0.272,30.0,0.558,None_change_dec_only_False,34
78,adult,0.8299963149490235,1.0,7.691,0.753,0.047,9.261,2.065,None_change_dec_only_False,56
79,student,0.9347159160633206,1.0,11.566,0.946,0.372,33.09,3.195,None_change_dec_only_False,56
80,heloc,0.7120458891013385,1.0,5.558,0.665,0.205,23.999,1.292,None_change_dec_only_False,56
81,student_performance,0.9079754601226994,0.9079754601226994,19.877,0.883,0.715,21.656,4.292,None_change_dec_only_False,56
82,titanic,0.8116591928251121,0.9775784753363228,15.513,0.71,0.696,17.3,3.484,None_change_dec_only_False,56
83,breast_cancer,0.965034965034965,1.0,5.176,0.987,0.274,30.0,0.547,None_change_dec_only_False,56
84,adult,0.8298734799164722,0.9997543299348974,7.65,0.754,0.044,9.226,2.085,None_change_dec_only_False,3
85,student,0.9307890538716408,0.99950914222604,11.604,0.932,0.372,33.135,3.194,None_change_dec_only_False,3
86,heloc,0.7196940726577438,1.0,5.636,0.658,0.213,24.005,1.29,None_change_dec_only_False,3
87,student_performance,0.8957055214723927,0.9325153374233128,19.793,0.894,0.701,21.571,4.248,None_change_dec_only_False,3
88,titanic,0.8116591928251121,0.9730941704035876,15.596,0.711,0.721,17.381,3.547,None_change_dec_only_False,3
89,breast_cancer,0.9720279720279721,1.0,5.11,0.986,0.264,30.0,0.565,None_change_dec_only_False,3
90,adult,0.8296278098513696,0.9998771649674488,7.654,0.733,0.043,9.258,2.115,None_change_dec_only_False,67
91,student,0.9318934838630508,0.99938642778255,11.57,0.933,0.376,33.109,3.195,None_change_dec_only_False,67
92,heloc,0.7166347992351817,1.0,5.508,0.653,0.226,23.971,1.284,None_change_dec_only_False,67
93,student_performance,0.9079754601226994,0.8895705521472392,19.409,0.858,0.697,21.19,4.256,None_change_dec_only_False,67
94,titanic,0.820627802690583,0.9730941704035876,15.723,0.739,0.702,17.516,3.47,None_change_dec_only_False,67
95,breast_cancer,0.965034965034965,1.0,5.087,0.987,0.277,30.0,0.545,None_change_dec_only_False,67
96,adult,0.8308561601768825,0.9996314949023462,7.667,0.746,0.041,9.27,2.141,None_change_dec_only_False,98
97,student,0.9305436249846608,0.99963185666953,11.519,0.93,0.374,33.082,3.189,None_change_dec_only_False,98
98,heloc,0.7158699808795411,1.0,5.591,0.657,0.223,23.983,1.308,None_change_dec_only_False,98
99,student_performance,0.9079754601226994,0.9263803680981596,19.743,0.894,0.708,21.521,4.281,None_change_dec_only_False,98
100,titanic,0.8161434977578476,0.9910313901345292,15.305,0.719,0.721,17.103,3.507,None_change_dec_only_False,98
101,breast_cancer,0.9720279720279721,1.0,5.184,0.987,0.274,30.0,0.561,None_change_dec_only_False,98
102,adult,0.8296278098513696,1.0,7.746,0.75,0.048,9.34,2.134,None_change_dec_only_False,4
103,student,0.9282120505583508,0.99963185666953,11.47,0.943,0.371,33.033,3.177,None_change_dec_only_False,4
104,heloc,0.7135755258126195,0.9996175908221796,5.628,0.676,0.218,24.08,1.373,None_change_dec_only_False,4
105,student_performance,0.9141104294478528,0.8895705521472392,20.383,0.864,0.707,22.16,4.263,None_change_dec_only_False,4
106,titanic,0.820627802690583,0.9551569506726456,15.361,0.705,0.722,17.157,3.562,None_change_dec_only_False,4
107,breast_cancer,0.965034965034965,1.0,5.166,0.986,0.279,30.0,0.556,None_change_dec_only_False,4
108,adult,0.8288907996560619,0.9995086598697948,7.577,0.731,0.039,9.199,2.08,None_change_dec_only_False,23
109,student,0.9336114860719108,0.99975457111302,11.633,0.945,0.376,33.14,3.2,None_change_dec_only_False,23
110,heloc,0.7223709369024857,1.0,5.497,0.593,0.247,23.93,1.389,None_change_dec_only_False,23
111,student_performance,0.9018404907975459,0.8711656441717791,19.524,0.846,0.707,21.301,4.277,None_change_dec_only_False,23
112,titanic,0.8161434977578476,0.9551569506726456,15.267,0.717,0.695,17.067,3.407,None_change_dec_only_False,23
113,breast_cancer,0.958041958041958,1.0,5.149,0.986,0.266,30.0,0.553,None_change_dec_only_False,23
114,adult,0.831101830241985,0.9998771649674488,7.796,0.755,0.048,9.376,2.103,None_change_dec_only_False,8
115,student,0.9302981960976808,0.99938642778255,11.51,0.942,0.365,33.09,3.178,None_change_dec_only_False,8
116,heloc,0.7181644359464627,1.0,5.67,0.646,0.204,24.107,1.395,None_change_dec_only_False,8
117,student_performance,0.9079754601226994,0.9079754601226994,19.572,0.879,0.703,21.35,4.245,None_change_dec_only_False,8
118,titanic,0.820627802690583,0.9865470852017936,15.98,0.734,0.721,17.767,3.523,None_change_dec_only_False,8
119,breast_cancer,0.965034965034965,1.0,5.145,0.987,0.269,30.0,0.544,None_change_dec_only_False,8
120,adult,0.8308561601768825,0.10981451910084757,5.767,0.032,0.091,7.574,2.584,None_change_enc_only_True,42
121,student,0.9363112038286906,0.0803779604859492,10.665,0.053,0.373,32.987,3.181,None_change_enc_only_True,42
122,heloc,0.7128107074569789,0.05812619502868069,4.168,0.021,0.284,23.387,1.623,None_change_enc_only_True,42
123,student_performance,0.9079754601226994,0.098159509202454,18.774,0.084,0.694,20.528,4.316,None_change_enc_only_True,42
124,titanic,0.8251121076233184,0.07623318385650224,8.922,0.027,0.737,10.762,3.139,None_change_enc_only_True,42
125,breast_cancer,0.9720279720279721,0.0,2.54,0.013,0.271,30.0,0.543,None_change_enc_only_True,42
126,adult,0.8307333251443312,0.10662080825451417,5.717,0.029,0.085,7.525,2.563,None_change_enc_only_True,12
127,student,0.9333660571849308,0.0700699472327893,10.636,0.048,0.375,32.948,3.183,None_change_enc_only_True,12
128,heloc,0.718546845124283,0.08374760994263862,4.224,0.015,0.291,23.451,1.65,None_change_enc_only_True,12
129,student_performance,0.9079754601226994,0.07975460122699386,18.903,0.065,0.705,20.65,4.359,None_change_enc_only_True,12
130,titanic,0.8161434977578476,0.09865470852017937,8.923,0.045,0.748,10.762,3.198,None_change_enc_only_True,12
131,breast_cancer,0.9720279720279721,0.0,2.514,0.013,0.265,30.0,0.54,None_change_enc_only_True,12
132,adult,0.831101830241985,0.11607910576096304,5.871,0.036,0.094,7.673,2.586,None_change_enc_only_True,34
133,student,0.9252669039145908,0.07657381273775922,10.645,0.039,0.371,32.975,3.165,None_change_enc_only_True,34
134,heloc,0.7177820267686424,0.05736137667304015,4.144,0.02,0.28,23.385,1.632,None_change_enc_only_True,34
135,student_performance,0.8957055214723927,0.05521472392638037,18.249,0.047,0.702,20.0,4.314,None_change_enc_only_True,34
136,titanic,0.8161434977578476,0.08520179372197309,9.096,0.051,0.781,10.933,3.272,None_change_enc_only_True,34
137,breast_cancer,0.965034965034965,0.0,2.511,0.014,0.254,30.0,0.536,None_change_enc_only_True,34
138,adult,0.8306104901117799,0.11497359046800147,5.792,0.033,0.09,7.599,2.572,None_change_enc_only_True,56
139,student,0.9341023438458708,0.06724751503251933,10.662,0.048,0.374,32.975,3.185,None_change_enc_only_True,56
140,heloc,0.7105162523900573,0.06500956022944551,4.067,0.029,0.288,23.286,1.616,None_change_enc_only_True,56
141,student_performance,0.9018404907975459,0.07975460122699386,18.739,0.066,0.704,20.491,4.372,None_change_enc_only_True,56
142,titanic,0.8161434977578476,0.13452914798206278,9.184,0.045,0.728,11.022,3.181,None_change_enc_only_True,56
143,breast_cancer,0.965034965034965,0.0,2.534,0.011,0.262,30.0,0.534,None_change_enc_only_True,56
144,adult,0.831101830241985,0.10158457191991156,5.796,0.027,0.086,7.601,2.566,None_change_enc_only_True,3
145,student,0.9293164805497608,0.08332310712970918,10.636,0.055,0.373,32.965,3.181,None_change_enc_only_True,3
146,heloc,0.7139579349904398,0.05391969407265775,4.171,0.026,0.279,23.399,1.602,None_change_enc_only_True,3
147,student_performance,0.9018404907975459,0.07975460122699386,18.362,0.071,0.694,20.11,4.329,None_change_enc_only_True,3
148,titanic,0.8161434977578476,0.15695067264573992,9.852,0.078,0.801,11.686,3.43,None_change_enc_only_True,3
149,breast_cancer,0.9720279720279721,0.006993006993006993,2.515,0.014,0.251,30.0,0.552,None_change_enc_only_True,3
150,adult,0.8291364697211645,0.093108954673873,5.795,0.024,0.09,7.603,2.568,None_change_enc_only_True,67
151,student,0.9315253405325808,0.08700454043440912,10.641,0.056,0.375,32.965,3.183,None_change_enc_only_True,67
152,heloc,0.7139579349904398,0.07609942638623328,4.204,0.028,0.287,23.43,1.615,None_change_enc_only_True,67
153,student_performance,0.9079754601226994,0.04294478527607362,18.257,0.041,0.696,20.012,4.315,None_change_enc_only_True,67
154,titanic,0.820627802690583,0.04932735426008968,9.455,0.045,0.715,11.291,3.119,None_change_enc_only_True,67
155,breast_cancer,0.965034965034965,0.0,2.511,0.013,0.268,30.0,0.529,None_change_enc_only_True,67
156,adult,0.831101830241985,0.11006018916595013,5.823,0.033,0.086,7.628,2.567,None_change_enc_only_True,98
157,student,0.9304209105411708,0.09596269480917904,10.624,0.057,0.378,32.948,3.178,None_change_enc_only_True,98
158,heloc,0.7151051625239006,0.0627151051625239,4.157,0.027,0.273,23.389,1.628,None_change_enc_only_True,98
159,student_performance,0.9079754601226994,0.06748466257668713,18.421,0.06,0.696,20.172,4.338,None_change_enc_only_True,98
160,titanic,0.8161434977578476,0.08968609865470853,8.953,0.051,0.715,10.789,3.139,None_change_enc_only_True,98
161,breast_cancer,0.9720279720279721,0.006993006993006993,2.525,0.013,0.26,30.0,0.541,None_change_enc_only_True,98
162,adult,0.8303648200466773,0.10784915858002704,5.797,0.031,0.09,7.6,2.558,None_change_enc_only_True,4
163,student,0.9289483372192908,0.06589765615412935,10.598,0.041,0.371,32.919,3.167,None_change_enc_only_True,4
164,heloc,0.7139579349904398,0.07992351816443595,4.062,0.024,0.285,23.28,1.601,None_change_enc_only_True,4
165,student_performance,0.9079754601226994,0.08588957055214724,19.345,0.078,0.698,21.092,4.33,None_change_enc_only_True,4
166,titanic,0.820627802690583,0.06726457399103139,8.834,0.03,0.74,10.673,3.247,None_change_enc_only_True,4
167,breast_cancer,0.965034965034965,0.0,2.536,0.013,0.27,30.0,0.547,None_change_enc_only_True,4
168,adult,0.8285222945584081,0.08966957376243705,5.803,0.021,0.086,7.61,2.559,None_change_enc_only_True,23
169,student,0.9354522027242608,0.07681924162473923,10.663,0.056,0.378,32.977,3.193,None_change_enc_only_True,23
170,heloc,0.7193116634799235,0.09369024856596557,4.343,0.0,0.292,23.523,1.664,None_change_enc_only_True,23
171,student_performance,0.9018404907975459,0.06748466257668713,18.584,0.053,0.699,20.331,4.336,None_change_enc_only_True,23
172,titanic,0.8161434977578476,0.06726457399103139,8.947,0.041,0.672,10.789,3.001,None_change_enc_only_True,23
173,breast_cancer,0.958041958041958,0.0,2.554,0.014,0.254,30.0,0.547,None_change_enc_only_True,23
174,adult,0.8290136346886132,0.10563812799410392,5.83,0.028,0.088,7.637,2.577,None_change_enc_only_True,8
175,student,0.9293164805497608,0.07178794944164928,10.586,0.041,0.368,32.918,3.173,None_change_enc_only_True,8
176,heloc,0.7154875717017208,0.06309751434034416,4.125,0.026,0.264,23.325,1.623,None_change_enc_only_True,8
177,student_performance,0.9079754601226994,0.061349693251533735,18.492,0.059,0.704,20.245,4.315,None_change_enc_only_True,8
178,titanic,0.820627802690583,0.11659192825112108,9.758,0.055,0.731,11.596,3.248,None_change_enc_only_True,8
179,breast_cancer,0.965034965034965,0.006993006993006993,2.534,0.012,0.254,30.0,0.537,None_change_enc_only_True,8
180,adult,0.8307333251443312,0.11337673504483478,5.78,0.034,0.091,7.586,2.583,None_change_enc_only_False,42
181,student,0.9366793471591608,0.07387409498097926,10.671,0.049,0.373,32.99,3.183,None_change_enc_only_False,42
182,heloc,0.7131931166347992,0.059655831739961765,4.159,0.022,0.282,23.379,1.62,None_change_enc_only_False,42
183,student_performance,0.9018404907975459,0.098159509202454,18.762,0.076,0.694,20.515,4.315,None_change_enc_only_False,42
184,titanic,0.8161434977578476,0.07174887892376683,8.913,0.031,0.733,10.753,3.137,None_change_enc_only_False,42
185,breast_cancer,0.9720279720279721,0.0,2.54,0.013,0.271,30.0,0.543,None_change_enc_only_False,42
186,adult,0.830241985014126,0.10920034393809114,5.696,0.029,0.085,7.503,2.563,None_change_enc_only_False,12
187,student,0.9317707694195608,0.07227880721560928,10.634,0.047,0.375,32.945,3.182,None_change_enc_only_False,12
188,heloc,0.7204588910133843,0.08298279158699809,4.23,0.011,0.294,23.448,1.653,None_change_enc_only_False,12
189,student_performance,0.9079754601226994,0.07975460122699386,18.916,0.065,0.704,20.663,4.359,None_change_enc_only_False,12
190,titanic,0.8161434977578476,0.10762331838565024,8.905,0.054,0.747,10.744,3.197,None_change_enc_only_False,12
191,breast_cancer,0.9720279720279721,0.0,2.514,0.013,0.265,30.0,0.54,None_change_enc_only_False,12
192,adult,0.8307333251443312,0.1110428694263604,5.807,0.033,0.093,7.614,2.586,None_change_enc_only_False,34
193,student,0.9253896183580808,0.07620566940728922,10.652,0.041,0.37,32.979,3.165,None_change_enc_only_False,34
194,heloc,0.7162523900573614,0.061950286806883366,4.148,0.026,0.282,23.389,1.63,None_change_enc_only_False,34
195,student_performance,0.9018404907975459,0.049079754601227,18.262,0.047,0.703,20.012,4.312,None_change_enc_only_False,34
196,titanic,0.8161434977578476,0.08520179372197309,9.087,0.048,0.781,10.924,3.268,None_change_enc_only_False,34
197,breast_cancer,0.965034965034965,0.0,2.511,0.014,0.254,30.0,0.536,None_change_enc_only_False,34
198,adult,0.8299963149490235,0.11006018916595013,5.786,0.031,0.089,7.593,2.571,None_change_enc_only_False,56
199,student,0.9347159160633206,0.06663394281506932,10.668,0.049,0.374,32.981,3.185,None_change_enc_only_False,56
200,heloc,0.7120458891013385,0.0722753346080306,4.083,0.025,0.29,23.306,1.618,None_change_enc_only_False,56
201,student_performance,0.9079754601226994,0.0736196319018405,18.715,0.066,0.705,20.466,4.371,None_change_enc_only_False,56
202,titanic,0.8116591928251121,0.13901345291479822,9.184,0.045,0.726,11.022,3.182,None_change_enc_only_False,56
203,breast_cancer,0.965034965034965,0.0,2.534,0.011,0.262,30.0,0.534,None_change_enc_only_False,56
204,adult,0.8298734799164722,0.09286328460877044,5.747,0.022,0.086,7.553,2.564,None_change_enc_only_False,3
205,student,0.9307890538716408,0.08467296600809915,10.641,0.055,0.373,32.971,3.181,None_change_enc_only_False,3
206,heloc,0.7196940726577438,0.05009560229445507,4.179,0.026,0.28,23.409,1.607,None_change_enc_only_False,3
207,student_performance,0.8957055214723927,0.0736196319018405,18.387,0.072,0.693,20.135,4.33,None_change_enc_only_False,3
208,titanic,0.8116591928251121,0.16143497757847533,9.879,0.076,0.801,11.713,3.428,None_change_enc_only_False,3
209,breast_cancer,0.9720279720279721,0.006993006993006993,2.514,0.014,0.251,30.0,0.552,None_change_enc_only_False,3
210,adult,0.8296278098513696,0.09937354133398846,5.782,0.027,0.089,7.59,2.569,None_change_enc_only_False,67
211,student,0.9318934838630508,0.08774082709534912,10.643,0.056,0.375,32.969,3.184,None_change_enc_only_False,67
212,heloc,0.7166347992351817,0.07074569789674952,4.211,0.031,0.284,23.435,1.613,None_change_enc_only_False,67
213,student_performance,0.9079754601226994,0.04294478527607362,18.257,0.041,0.695,20.012,4.315,None_change_enc_only_False,67
214,titanic,0.820627802690583,0.04932735426008968,9.446,0.045,0.716,11.283,3.123,None_change_enc_only_False,67
215,breast_cancer,0.965034965034965,0.0,2.51,0.013,0.268,30.0,0.529,None_change_enc_only_False,67
216,adult,0.8308561601768825,0.10907750890553987,5.814,0.03,0.087,7.62,2.566,None_change_enc_only_False,98
217,student,0.9305436249846608,0.09117683151306907,10.62,0.053,0.378,32.945,3.179,None_change_enc_only_False,98
218,heloc,0.7158699808795411,0.0627151051625239,4.165,0.03,0.275,23.395,1.63,None_change_enc_only_False,98
219,student_performance,0.9079754601226994,0.06748466257668713,18.433,0.06,0.695,20.184,4.338,None_change_enc_only_False,98
220,titanic,0.8161434977578476,0.08520179372197309,8.953,0.045,0.715,10.789,3.141,None_change_enc_only_False,98
221,breast_cancer,0.9720279720279721,0.006993006993006993,2.525,0.013,0.26,30.0,0.541,None_change_enc_only_False,98
222,adult,0.8296278098513696,0.10784915858002704,5.777,0.03,0.091,7.58,2.558,None_change_enc_only_False,4
223,student,0.9282120505583508,0.06454779727573935,10.609,0.041,0.371,32.928,3.167,None_change_enc_only_False,4
224,heloc,0.7135755258126195,0.08221797323135756,4.075,0.026,0.285,23.289,1.6,None_change_enc_only_False,4
225,student_performance,0.9141104294478528,0.0920245398773006,19.357,0.078,0.698,21.104,4.33,None_change_enc_only_False,4
226,titanic,0.820627802690583,0.06726457399103139,8.834,0.03,0.743,10.673,3.241,None_change_enc_only_False,4
227,breast_cancer,0.965034965034965,0.0,2.536,0.013,0.27,30.0,0.547,None_change_enc_only_False,4
228,adult,0.8288907996560619,0.09581132539000124,5.828,0.024,0.086,7.633,2.559,None_change_enc_only_False,23
229,student,0.9336114860719108,0.07510123941587925,10.667,0.056,0.379,32.98,3.194,None_change_enc_only_False,23
230,heloc,0.7223709369024857,0.09254302103250478,4.336,-0.002,0.289,23.519,1.664,None_change_enc_only_False,23
231,student_performance,0.9018404907975459,0.06748466257668713,18.559,0.056,0.699,20.307,4.336,None_change_enc_only_False,23
232,titanic,0.8161434977578476,0.06726457399103139,8.956,0.041,0.669,10.798,2.999,None_change_enc_only_False,23
233,breast_cancer,0.958041958041958,0.0,2.554,0.014,0.254,30.0,0.547,None_change_enc_only_False,23
234,adult,0.831101830241985,0.1057609630266552,5.85,0.028,0.088,7.657,2.579,None_change_enc_only_False,8
235,student,0.9302981960976808,0.07154252055466928,10.58,0.043,0.368,32.911,3.173,None_change_enc_only_False,8
236,heloc,0.7181644359464627,0.06003824091778201,4.129,0.025,0.26,23.33,1.62,None_change_enc_only_False,8
237,student_performance,0.9079754601226994,0.061349693251533735,18.492,0.059,0.703,20.245,4.315,None_change_enc_only_False,8
238,titanic,0.820627802690583,0.11659192825112108,9.767,0.056,0.731,11.605,3.25,None_change_enc_only_False,8
239,breast_cancer,0.965034965034965,0.006993006993006993,2.534,0.012,0.254,30.0,0.537,None_change_enc_only_False,8
240,adult,0.8308561601768825,0.9998771649674488,7.739,0.757,0.045,9.284,2.128,None_change_enc_dec_True,42
241,student,0.9363112038286906,0.99963185666953,11.585,0.937,0.37,33.128,3.19,None_change_enc_dec_True,42
242,heloc,0.7128107074569789,1.0,5.64,0.665,0.211,24.064,1.291,None_change_enc_dec_True,42
243,student_performance,0.9079754601226994,0.9447852760736196,19.827,0.92,0.716,21.607,4.255,None_change_enc_dec_True,42
244,titanic,0.8251121076233184,0.9820627802690582,15.746,0.728,0.694,17.543,3.445,None_change_enc_dec_True,42
245,breast_cancer,0.9720279720279721,1.0,5.163,0.986,0.281,30.0,0.562,None_change_enc_dec_True,42
246,adult,0.8307333251443312,0.9993858248372436,7.654,0.745,0.047,9.225,2.112,None_change_enc_dec_True,12
247,student,0.9333660571849308,0.99975457111302,11.568,0.942,0.372,33.096,3.192,None_change_enc_dec_True,12
248,heloc,0.718546845124283,1.0,5.493,0.647,0.211,24.003,1.332,None_change_enc_dec_True,12
249,student_performance,0.9079754601226994,0.9202453987730062,20.125,0.89,0.707,21.902,4.309,None_change_enc_dec_True,12
250,titanic,0.8161434977578476,0.9730941704035876,15.239,0.73,0.739,17.031,3.509,None_change_enc_dec_True,12
251,breast_cancer,0.9720279720279721,1.0,5.153,0.986,0.276,30.0,0.551,None_change_enc_dec_True,12
252,adult,0.831101830241985,0.9997543299348974,7.706,0.748,0.048,9.296,2.14,None_change_enc_dec_True,34
253,student,0.9252669039145908,0.99975457111302,11.552,0.927,0.372,33.093,3.178,None_change_enc_dec_True,34
254,heloc,0.7177820267686424,0.9992351816443594,5.565,0.652,0.228,23.938,1.269,None_change_enc_dec_True,34
255,student_performance,0.8957055214723927,0.9263803680981596,19.546,0.895,0.704,21.325,4.272,None_change_enc_dec_True,34
256,titanic,0.8161434977578476,0.9730941704035876,15.828,0.711,0.706,17.614,3.521,None_change_enc_dec_True,34
257,breast_cancer,0.965034965034965,1.0,5.197,0.985,0.272,30.0,0.558,None_change_enc_dec_True,34
258,adult,0.8306104901117799,1.0,7.691,0.754,0.048,9.254,2.091,None_change_enc_dec_True,56
259,student,0.9341023438458708,1.0,11.566,0.944,0.372,33.087,3.195,None_change_enc_dec_True,56
260,heloc,0.7105162523900573,1.0,5.526,0.669,0.202,23.994,1.281,None_change_enc_dec_True,56
261,student_performance,0.9018404907975459,0.9141104294478528,19.889,0.883,0.713,21.669,4.29,None_change_enc_dec_True,56
262,titanic,0.8161434977578476,0.9775784753363228,15.53,0.712,0.698,17.318,3.49,None_change_enc_dec_True,56
263,breast_cancer,0.965034965034965,1.0,5.176,0.987,0.274,30.0,0.547,None_change_enc_dec_True,56
264,adult,0.831101830241985,0.9998771649674488,7.636,0.748,0.043,9.203,2.09,None_change_enc_dec_True,3
265,student,0.9293164805497608,0.99950914222604,11.614,0.932,0.374,33.139,3.196,None_change_enc_dec_True,3
266,heloc,0.7139579349904398,1.0,5.635,0.662,0.217,23.988,1.285,None_change_enc_dec_True,3
267,student_performance,0.9018404907975459,0.9202453987730062,19.793,0.882,0.701,21.571,4.244,None_change_enc_dec_True,3
268,titanic,0.8161434977578476,0.9686098654708521,15.543,0.709,0.722,17.327,3.549,None_change_enc_dec_True,3
269,breast_cancer,0.9720279720279721,1.0,5.11,0.986,0.264,30.0,0.565,None_change_enc_dec_True,3
270,adult,0.8291364697211645,0.9998771649674488,7.603,0.731,0.045,9.189,2.091,None_change_enc_dec_True,67
271,student,0.9315253405325808,0.99926371333906,11.571,0.933,0.375,33.106,3.194,None_change_enc_dec_True,67
272,heloc,0.7139579349904398,1.0,5.517,0.651,0.228,23.969,1.292,None_change_enc_dec_True,67
273,student_performance,0.9079754601226994,0.8895705521472392,19.409,0.857,0.698,21.19,4.257,None_change_enc_dec_True,67
274,titanic,0.820627802690583,0.9730941704035876,15.715,0.739,0.702,17.507,3.47,None_change_enc_dec_True,67
275,breast_cancer,0.965034965034965,1.0,5.087,0.987,0.277,30.0,0.545,None_change_enc_dec_True,67
276,adult,0.831101830241985,0.9997543299348974,7.686,0.749,0.041,9.286,2.137,None_change_enc_dec_True,98
277,student,0.9304209105411708,0.99963185666953,11.522,0.928,0.374,33.088,3.19,None_change_enc_dec_True,98
278,heloc,0.7151051625239006,1.0,5.604,0.656,0.226,23.988,1.308,None_change_enc_dec_True,98
279,student_performance,0.9079754601226994,0.9263803680981596,19.743,0.893,0.708,21.521,4.281,None_change_enc_dec_True,98
280,titanic,0.8161434977578476,0.9910313901345292,15.305,0.719,0.72,17.103,3.506,None_change_enc_dec_True,98
281,breast_cancer,0.9720279720279721,1.0,5.184,0.987,0.274,30.0,0.561,None_change_enc_dec_True,98
282,adult,0.8303648200466773,1.0,7.711,0.755,0.047,9.313,2.12,None_change_enc_dec_True,4
283,student,0.9289483372192908,0.99975457111302,11.469,0.942,0.371,33.033,3.177,None_change_enc_dec_True,4
284,heloc,0.7139579349904398,1.0,5.635,0.678,0.214,24.086,1.365,None_change_enc_dec_True,4
285,student_performance,0.9079754601226994,0.8895705521472392,20.384,0.864,0.708,22.16,4.264,None_change_enc_dec_True,4
286,titanic,0.820627802690583,0.9596412556053812,15.352,0.708,0.72,17.148,3.561,None_change_enc_dec_True,4
287,breast_cancer,0.965034965034965,1.0,5.166,0.986,0.279,30.0,0.556,None_change_enc_dec_True,4
288,adult,0.8285222945584081,0.9992629898046924,7.604,0.731,0.041,9.211,2.088,None_change_enc_dec_True,23
289,student,0.9354522027242608,0.99963185666953,11.626,0.944,0.375,33.137,3.199,None_change_enc_dec_True,23
290,heloc,0.7193116634799235,1.0,5.501,0.597,0.252,23.928,1.377,None_change_enc_dec_True,23
291,student_performance,0.9018404907975459,0.8711656441717791,19.524,0.846,0.706,21.301,4.273,None_change_enc_dec_True,23
292,titanic,0.8161434977578476,0.9551569506726456,15.258,0.717,0.695,17.058,3.409,None_change_enc_dec_True,23
293,breast_cancer,0.958041958041958,1.0,5.149,0.986,0.265,30.0,0.553,None_change_enc_dec_True,23
294,adult,0.8290136346886132,0.9998771649674488,7.906,0.755,0.049,9.467,2.11,None_change_enc_dec_True,8
295,student,0.9293164805497608,0.9991409988955698,11.511,0.939,0.366,33.09,3.178,None_change_enc_dec_True,8
296,heloc,0.7154875717017208,1.0,5.67,0.651,0.212,24.104,1.391,None_change_enc_dec_True,8
297,student_performance,0.9079754601226994,0.9079754601226994,19.584,0.879,0.705,21.362,4.245,None_change_enc_dec_True,8
298,titanic,0.820627802690583,0.9865470852017936,15.971,0.734,0.717,17.758,3.521,None_change_enc_dec_True,8
299,breast_cancer,0.965034965034965,1.0,5.145,0.987,0.269,30.0,0.544,None_change_enc_dec_True,8
300,adult,0.8307333251443312,0.9998771649674488,7.671,0.759,0.044,9.222,2.104,None_change_enc_dec_False,42
301,student,0.9366793471591608,0.99975457111302,11.581,0.942,0.371,33.122,3.189,None_change_enc_dec_False,42
302,heloc,0.7131931166347992,0.9996175908221796,5.618,0.667,0.209,24.063,1.281,None_change_enc_dec_False,42
303,student_performance,0.9018404907975459,0.9447852760736196,19.815,0.921,0.717,21.595,4.258,None_change_enc_dec_False,42
304,titanic,0.8161434977578476,0.9820627802690582,15.712,0.728,0.693,17.507,3.439,None_change_enc_dec_False,42
305,breast_cancer,0.9720279720279721,1.0,5.163,0.986,0.281,30.0,0.562,None_change_enc_dec_False,42
306,adult,0.830241985014126,0.9997543299348974,7.702,0.747,0.049,9.264,2.134,None_change_enc_dec_False,12
307,student,0.9317707694195608,0.99963185666953,11.577,0.941,0.373,33.109,3.194,None_change_enc_dec_False,12
308,heloc,0.7204588910133843,1.0,5.503,0.641,0.209,24.013,1.334,None_change_enc_dec_False,12
309,student_performance,0.9079754601226994,0.9202453987730062,20.125,0.89,0.707,21.902,4.31,None_change_enc_dec_False,12
310,titanic,0.8161434977578476,0.9730941704035876,15.239,0.73,0.737,17.031,3.508,None_change_enc_dec_False,12
311,breast_cancer,0.9720279720279721,1.0,5.154,0.986,0.277,30.0,0.551,None_change_enc_dec_False,12
312,adult,0.8307333251443312,0.9996314949023462,7.663,0.744,0.049,9.234,2.121,None_change_enc_dec_False,34
313,student,0.9253896183580808,0.99963185666953,11.556,0.928,0.372,33.091,3.179,None_change_enc_dec_False,34
314,heloc,0.7162523900573614,1.0,5.565,0.656,0.229,23.928,1.257,None_change_enc_dec_False,34
315,student_performance,0.9018404907975459,0.9202453987730062,19.509,0.895,0.704,21.288,4.272,None_change_enc_dec_False,34
316,titanic,0.8161434977578476,0.9730941704035876,15.819,0.711,0.707,17.605,3.524,None_change_enc_dec_False,34
317,breast_cancer,0.965034965034965,1.0,5.197,0.985,0.272,30.0,0.558,None_change_enc_dec_False,34
318,adult,0.8299963149490235,1.0,7.691,0.753,0.047,9.261,2.065,None_change_enc_dec_False,56
319,student,0.9347159160633206,1.0,11.566,0.946,0.372,33.09,3.195,None_change_enc_dec_False,56
320,heloc,0.7120458891013385,1.0,5.558,0.665,0.205,23.999,1.292,None_change_enc_dec_False,56
321,student_performance,0.9079754601226994,0.9079754601226994,19.877,0.883,0.715,21.656,4.292,None_change_enc_dec_False,56
322,titanic,0.8116591928251121,0.9775784753363228,15.513,0.711,0.697,17.3,3.485,None_change_enc_dec_False,56
323,breast_cancer,0.965034965034965,1.0,5.176,0.987,0.274,30.0,0.547,None_change_enc_dec_False,56
324,adult,0.8298734799164722,0.9997543299348974,7.65,0.754,0.044,9.226,2.085,None_change_enc_dec_False,3
325,student,0.9307890538716408,0.99950914222604,11.604,0.932,0.372,33.135,3.194,None_change_enc_dec_False,3
326,heloc,0.7196940726577438,1.0,5.636,0.658,0.213,24.005,1.29,None_change_enc_dec_False,3
327,student_performance,0.8957055214723927,0.9325153374233128,19.793,0.894,0.701,21.571,4.247,None_change_enc_dec_False,3
328,titanic,0.8116591928251121,0.9730941704035876,15.596,0.711,0.721,17.381,3.547,None_change_enc_dec_False,3
329,breast_cancer,0.9720279720279721,1.0,5.111,0.986,0.264,30.0,0.565,None_change_enc_dec_False,3
330,adult,0.8296278098513696,0.9998771649674488,7.654,0.733,0.043,9.258,2.115,None_change_enc_dec_False,67
331,student,0.9318934838630508,0.99938642778255,11.57,0.933,0.376,33.109,3.195,None_change_enc_dec_False,67
332,heloc,0.7166347992351817,1.0,5.508,0.653,0.226,23.971,1.284,None_change_enc_dec_False,67
333,student_performance,0.9079754601226994,0.8895705521472392,19.409,0.858,0.697,21.19,4.256,None_change_enc_dec_False,67
334,titanic,0.820627802690583,0.9730941704035876,15.723,0.739,0.702,17.516,3.47,None_change_enc_dec_False,67
335,breast_cancer,0.965034965034965,1.0,5.087,0.987,0.277,30.0,0.545,None_change_enc_dec_False,67
336,adult,0.8308561601768825,0.9996314949023462,7.667,0.746,0.041,9.27,2.141,None_change_enc_dec_False,98
337,student,0.9305436249846608,0.99963185666953,11.519,0.93,0.374,33.082,3.189,None_change_enc_dec_False,98
338,heloc,0.7158699808795411,1.0,5.591,0.657,0.223,23.983,1.308,None_change_enc_dec_False,98
339,student_performance,0.9079754601226994,0.9263803680981596,19.743,0.894,0.708,21.521,4.281,None_change_enc_dec_False,98
340,titanic,0.8161434977578476,0.9910313901345292,15.305,0.719,0.721,17.103,3.507,None_change_enc_dec_False,98
341,breast_cancer,0.9720279720279721,1.0,5.184,0.987,0.274,30.0,0.561,None_change_enc_dec_False,98
342,adult,0.8296278098513696,1.0,7.746,0.75,0.048,9.34,2.134,None_change_enc_dec_False,4
343,student,0.9282120505583508,0.99963185666953,11.47,0.943,0.371,33.033,3.177,None_change_enc_dec_False,4
344,heloc,0.7135755258126195,0.9996175908221796,5.628,0.676,0.218,24.08,1.373,None_change_enc_dec_False,4
345,student_performance,0.9141104294478528,0.8895705521472392,20.383,0.864,0.707,22.16,4.263,None_change_enc_dec_False,4
346,titanic,0.820627802690583,0.9551569506726456,15.352,0.705,0.722,17.148,3.563,None_change_enc_dec_False,4
347,breast_cancer,0.965034965034965,1.0,5.166,0.986,0.279,30.0,0.556,None_change_enc_dec_False,4
348,adult,0.8288907996560619,0.9995086598697948,7.577,0.731,0.039,9.199,2.08,None_change_enc_dec_False,23
349,student,0.9336114860719108,0.99975457111302,11.633,0.945,0.376,33.14,3.2,None_change_enc_dec_False,23
350,heloc,0.7223709369024857,1.0,5.497,0.593,0.247,23.93,1.389,None_change_enc_dec_False,23
351,student_performance,0.9018404907975459,0.8711656441717791,19.524,0.846,0.707,21.301,4.277,None_change_enc_dec_False,23
352,titanic,0.8161434977578476,0.9551569506726456,15.267,0.717,0.695,17.067,3.407,None_change_enc_dec_False,23
353,breast_cancer,0.958041958041958,1.0,5.149,0.986,0.266,30.0,0.553,None_change_enc_dec_False,23
354,adult,0.831101830241985,0.9998771649674488,7.796,0.755,0.048,9.376,2.104,None_change_enc_dec_False,8
355,student,0.9302981960976808,0.99938642778255,11.51,0.942,0.365,33.09,3.178,None_change_enc_dec_False,8
356,heloc,0.7181644359464627,1.0,5.67,0.646,0.204,24.107,1.395,None_change_enc_dec_False,8
357,student_performance,0.9079754601226994,0.9079754601226994,19.572,0.879,0.703,21.35,4.245,None_change_enc_dec_False,8
358,titanic,0.820627802690583,0.9865470852017936,15.98,0.734,0.719,17.767,3.521,None_change_enc_dec_False,8
359,breast_cancer,0.965034965034965,1.0,5.145,0.987,0.269,30.0,0.544,None_change_enc_dec_False,8
360,adult,0.8298734799164722,0.9996314949023462,7.649,0.733,0.046,9.257,2.161,remove_enc_change_dec_only_True,42
361,student,0.9321389127500308,1.0,11.618,0.939,0.367,33.144,3.188,remove_enc_change_dec_only_True,42
362,heloc,0.7135755258126195,1.0,5.648,0.685,0.259,23.991,1.36,remove_enc_change_dec_only_True,42
363,student_performance,0.9018404907975459,0.9447852760736196,19.78,0.921,0.717,21.558,4.26,remove_enc_change_dec_only_True,42
364,titanic,0.820627802690583,0.9865470852017936,16.135,0.752,0.705,17.919,3.51,remove_enc_change_dec_only_True,42
365,breast_cancer,0.9720279720279721,1.0,5.186,0.986,0.264,30.0,0.55,remove_enc_change_dec_only_True,42
366,adult,0.8312246652745363,0.9996314949023462,7.69,0.739,0.046,9.289,2.142,remove_enc_change_dec_only_True,12
367,student,0.9341023438458708,0.99950914222604,11.557,0.941,0.37,33.094,3.19,remove_enc_change_dec_only_True,12
368,heloc,0.7147227533460803,1.0,5.536,0.642,0.233,23.966,1.36,remove_enc_change_dec_only_True,12
369,student_performance,0.9018404907975459,0.9447852760736196,20.072,0.917,0.707,21.853,4.296,remove_enc_change_dec_only_True,12
370,titanic,0.8251121076233184,0.9730941704035876,15.508,0.735,0.723,17.3,3.503,remove_enc_change_dec_only_True,12
371,breast_cancer,0.9720279720279721,1.0,5.163,0.986,0.263,29.993,0.56,remove_enc_change_dec_only_True,12
372,adult,0.8304876550792286,0.9997543299348974,7.584,0.734,0.04,9.196,2.111,remove_enc_change_dec_only_True,34
373,student,0.9311571972021108,0.99963185666953,11.652,0.944,0.377,33.17,3.201,remove_enc_change_dec_only_True,34
374,heloc,0.7112810707456979,0.9996175908221796,5.625,0.666,0.231,24.027,1.343,remove_enc_change_dec_only_True,34
375,student_performance,0.8834355828220859,0.9263803680981596,19.76,0.898,0.708,21.534,4.283,remove_enc_change_dec_only_True,34
376,titanic,0.8161434977578476,0.9641255605381166,15.672,0.731,0.695,17.462,3.508,remove_enc_change_dec_only_True,34
377,breast_cancer,0.965034965034965,1.0,5.241,0.986,0.276,30.0,0.57,remove_enc_change_dec_only_True,34
378,adult,0.8312246652745363,0.9998771649674488,7.753,0.745,0.045,9.36,2.184,remove_enc_change_dec_only_True,56
379,student,0.9320161983065408,0.99950914222604,11.528,0.946,0.37,33.065,3.184,remove_enc_change_dec_only_True,56
380,heloc,0.7212237093690248,1.0,5.52,0.67,0.229,23.902,1.361,remove_enc_change_dec_only_True,56
381,student_performance,0.9079754601226994,0.9141104294478528,19.838,0.89,0.713,21.62,4.288,remove_enc_change_dec_only_True,56
382,titanic,0.820627802690583,0.9775784753363228,15.524,0.711,0.708,17.318,3.479,remove_enc_change_dec_only_True,56
383,breast_cancer,0.9720279720279721,1.0,5.182,0.986,0.281,30.0,0.557,remove_enc_change_dec_only_True,56
384,adult,0.8296278098513696,0.9997543299348974,7.7,0.753,0.045,9.284,2.164,remove_enc_change_dec_only_True,3
385,student,0.9314026260890906,0.99975457111302,11.618,0.935,0.374,33.137,3.199,remove_enc_change_dec_only_True,3
386,heloc,0.7116634799235182,1.0,5.566,0.639,0.235,23.993,1.264,remove_enc_change_dec_only_True,3
387,student_performance,0.8957055214723927,0.9325153374233128,19.793,0.9,0.702,21.571,4.252,remove_enc_change_dec_only_True,3
388,titanic,0.820627802690583,0.9775784753363228,15.024,0.709,0.719,16.825,3.492,remove_enc_change_dec_only_True,3
389,breast_cancer,0.965034965034965,1.0,5.156,0.986,0.279,30.0,0.551,remove_enc_change_dec_only_True,3
390,adult,0.8308561601768825,1.0,7.879,0.753,0.048,9.432,2.125,remove_enc_change_dec_only_True,67
391,student,0.9309117683151308,0.99950914222604,11.623,0.939,0.377,33.115,3.199,remove_enc_change_dec_only_True,67
392,heloc,0.7151051625239006,1.0,5.657,0.664,0.218,24.066,1.326,remove_enc_change_dec_only_True,67
393,student_performance,0.9018404907975459,0.9079754601226994,19.387,0.878,0.692,21.166,4.239,remove_enc_change_dec_only_True,67
394,titanic,0.8251121076233184,0.9775784753363228,16.201,0.715,0.687,17.982,3.521,remove_enc_change_dec_only_True,67
395,breast_cancer,0.965034965034965,1.0,5.178,0.986,0.273,30.0,0.56,remove_enc_change_dec_only_True,67
396,adult,0.8314703353396389,0.9997543299348974,7.766,0.738,0.046,9.374,2.18,remove_enc_change_dec_only_True,98
397,student,0.9268621916799608,0.99975457111302,11.514,0.951,0.37,33.052,3.189,remove_enc_change_dec_only_True,98
398,heloc,0.7166347992351817,0.9996175908221796,5.625,0.648,0.233,23.997,1.322,remove_enc_change_dec_only_True,98
399,student_performance,0.8895705521472392,0.9325153374233128,19.817,0.903,0.706,21.595,4.282,remove_enc_change_dec_only_True,98
400,titanic,0.8161434977578476,0.9865470852017936,15.521,0.728,0.728,17.318,3.512,remove_enc_change_dec_only_True,98
401,breast_cancer,0.9720279720279721,1.0,5.163,0.986,0.277,30.0,0.559,remove_enc_change_dec_only_True,98
402,adult,0.8312246652745363,0.9997543299348974,7.704,0.751,0.049,9.3,2.13,remove_enc_change_dec_only_True,4
403,student,0.9341023438458708,0.9998772855565099,11.508,0.943,0.367,33.035,3.17,remove_enc_change_dec_only_True,4
404,heloc,0.7143403441682601,1.0,5.65,0.633,0.207,24.024,1.322,remove_enc_change_dec_only_True,4
405,student_performance,0.9079754601226994,0.8895705521472392,20.381,0.855,0.711,22.16,4.267,remove_enc_change_dec_only_True,4
406,titanic,0.8161434977578476,0.9730941704035876,15.378,0.722,0.713,17.175,3.518,remove_enc_change_dec_only_True,4
407,breast_cancer,0.9720279720279721,1.0,5.182,0.986,0.279,30.0,0.555,remove_enc_change_dec_only_True,4
408,adult,0.8298734799164722,0.9995086598697948,7.739,0.74,0.043,9.292,2.121,remove_enc_change_dec_only_True,23
409,student,0.9336114860719108,0.9998772855565099,11.626,0.942,0.374,33.114,3.197,remove_enc_change_dec_only_True,23
410,heloc,0.7193116634799235,1.0,5.557,0.651,0.243,23.926,1.374,remove_enc_change_dec_only_True,23
411,student_performance,0.9018404907975459,0.8895705521472392,19.533,0.862,0.702,21.313,4.272,remove_enc_change_dec_only_True,23
412,titanic,0.8161434977578476,0.9865470852017936,15.952,0.761,0.704,17.74,3.472,remove_enc_change_dec_only_True,23
413,breast_cancer,0.965034965034965,1.0,5.133,0.987,0.275,30.0,0.548,remove_enc_change_dec_only_True,23
414,adult,0.8295049748188184,0.9992629898046924,7.653,0.736,0.046,9.259,2.13,remove_enc_change_dec_only_True,8
415,student,0.9306663394281508,1.0,11.557,0.933,0.37,33.109,3.185,remove_enc_change_dec_only_True,8
416,heloc,0.7043977055449331,0.9996175908221796,5.574,0.62,0.248,24.02,1.378,remove_enc_change_dec_only_True,8
417,student_performance,0.8895705521472392,0.9263803680981596,19.731,0.894,0.703,21.509,4.273,remove_enc_change_dec_only_True,8
418,titanic,0.7982062780269058,0.9820627802690582,16.258,0.706,0.737,18.036,3.562,remove_enc_change_dec_only_True,8
419,breast_cancer,0.9720279720279721,1.0,5.134,0.987,0.273,30.0,0.555,remove_enc_change_dec_only_True,8
420,adult,0.8286451295909594,0.9998771649674488,7.648,0.736,0.044,9.271,2.16,remove_enc_change_dec_only_False,42
421,student,0.9301754816541908,0.99963185666953,11.628,0.939,0.367,33.149,3.189,remove_enc_change_dec_only_False,42
422,heloc,0.7143403441682601,1.0,5.66,0.682,0.259,24.002,1.376,remove_enc_change_dec_only_False,42
423,student_performance,0.9018404907975459,0.9447852760736196,19.78,0.921,0.718,21.558,4.259,remove_enc_change_dec_only_False,42
424,titanic,0.820627802690583,0.9865470852017936,16.125,0.751,0.706,17.91,3.508,remove_enc_change_dec_only_False,42
425,breast_cancer,0.9720279720279721,1.0,5.186,0.986,0.264,30.0,0.55,remove_enc_change_dec_only_False,42
426,adult,0.8307333251443312,0.9996314949023462,7.661,0.736,0.043,9.275,2.143,remove_enc_change_dec_only_False,12
427,student,0.9348386305068106,0.99975457111302,11.555,0.942,0.371,33.096,3.19,remove_enc_change_dec_only_False,12
428,heloc,0.7128107074569789,0.9996175908221796,5.526,0.645,0.239,23.951,1.357,remove_enc_change_dec_only_False,12
429,student_performance,0.9018404907975459,0.9447852760736196,20.072,0.918,0.708,21.853,4.296,remove_enc_change_dec_only_False,12
430,titanic,0.8251121076233184,0.9730941704035876,15.499,0.735,0.723,17.291,3.503,remove_enc_change_dec_only_False,12
431,breast_cancer,0.9720279720279721,1.0,5.164,0.986,0.263,30.0,0.56,remove_enc_change_dec_only_False,12
432,adult,0.8282766244933055,0.9996314949023462,7.613,0.734,0.041,9.223,2.122,remove_enc_change_dec_only_False,34
433,student,0.9322616271935208,0.99963185666953,11.652,0.945,0.376,33.17,3.2,remove_enc_change_dec_only_False,34
434,heloc,0.7151051625239006,0.9996175908221796,5.653,0.674,0.233,24.005,1.322,remove_enc_change_dec_only_False,34
435,student_performance,0.8895705521472392,0.9263803680981596,19.747,0.898,0.709,21.521,4.284,remove_enc_change_dec_only_False,34
436,titanic,0.8161434977578476,0.9641255605381166,15.672,0.731,0.695,17.462,3.509,remove_enc_change_dec_only_False,34
437,breast_cancer,0.965034965034965,1.0,5.241,0.986,0.276,30.0,0.57,remove_enc_change_dec_only_False,34
438,adult,0.8318388404372927,0.9997543299348974,7.735,0.746,0.044,9.349,2.179,remove_enc_change_dec_only_False,56
439,student,0.9314026260890906,0.99975457111302,11.521,0.947,0.37,33.059,3.183,remove_enc_change_dec_only_False,56
440,heloc,0.7223709369024857,1.0,5.527,0.673,0.23,23.902,1.359,remove_enc_change_dec_only_False,56
441,student_performance,0.9079754601226994,0.9079754601226994,19.838,0.885,0.714,21.62,4.287,remove_enc_change_dec_only_False,56
442,titanic,0.820627802690583,0.9775784753363228,15.533,0.711,0.71,17.327,3.48,remove_enc_change_dec_only_False,56
443,breast_cancer,0.9720279720279721,1.0,5.182,0.986,0.282,30.0,0.557,remove_enc_change_dec_only_False,56
444,adult,0.830241985014126,0.9997543299348974,7.683,0.751,0.046,9.262,2.138,remove_enc_change_dec_only_False,3
445,student,0.9315253405325808,0.99975457111302,11.612,0.934,0.373,33.132,3.198,remove_enc_change_dec_only_False,3
446,heloc,0.7139579349904398,1.0,5.584,0.636,0.236,23.995,1.265,remove_enc_change_dec_only_False,3
447,student_performance,0.8957055214723927,0.9386503067484664,19.793,0.906,0.702,21.571,4.252,remove_enc_change_dec_only_False,3
448,titanic,0.820627802690583,0.9775784753363228,15.006,0.706,0.72,16.807,3.492,remove_enc_change_dec_only_False,3
449,breast_cancer,0.965034965034965,1.0,5.156,0.986,0.279,30.0,0.551,remove_enc_change_dec_only_False,3
450,adult,0.8325758506326004,1.0,7.839,0.75,0.045,9.388,2.081,remove_enc_change_dec_only_False,67
451,student,0.9295619094367408,0.99963185666953,11.616,0.942,0.377,33.12,3.198,remove_enc_change_dec_only_False,67
452,heloc,0.7143403441682601,1.0,5.646,0.672,0.222,24.062,1.33,remove_enc_change_dec_only_False,67
453,student_performance,0.9018404907975459,0.9079754601226994,19.4,0.878,0.692,21.178,4.24,remove_enc_change_dec_only_False,67
454,titanic,0.8251121076233184,0.9775784753363228,16.219,0.715,0.691,18.0,3.522,remove_enc_change_dec_only_False,67
455,breast_cancer,0.965034965034965,1.0,5.179,0.986,0.273,30.0,0.56,remove_enc_change_dec_only_False,67
456,adult,0.8317160054047414,0.9997543299348974,7.775,0.741,0.046,9.383,2.173,remove_enc_change_dec_only_False,98
457,student,0.9258804761320408,0.99963185666953,11.517,0.952,0.371,33.057,3.19,remove_enc_change_dec_only_False,98
458,heloc,0.7173996175908222,0.9992351816443594,5.621,0.65,0.225,23.993,1.32,remove_enc_change_dec_only_False,98
459,student_performance,0.8957055214723927,0.9263803680981596,19.792,0.903,0.707,21.571,4.282,remove_enc_change_dec_only_False,98
460,titanic,0.8161434977578476,0.9865470852017936,15.521,0.728,0.73,17.318,3.514,remove_enc_change_dec_only_False,98
461,breast_cancer,0.9720279720279721,1.0,5.163,0.986,0.277,30.0,0.559,remove_enc_change_dec_only_False,98
462,adult,0.8297506448839209,0.9998771649674488,7.782,0.749,0.05,9.372,2.139,remove_enc_change_dec_only_False,4
463,student,0.9334887716284208,0.9998772855565099,11.506,0.942,0.367,33.035,3.17,remove_enc_change_dec_only_False,4
464,heloc,0.7151051625239006,1.0,5.666,0.643,0.206,24.019,1.327,remove_enc_change_dec_only_False,4
465,student_performance,0.9079754601226994,0.8895705521472392,20.381,0.855,0.71,22.16,4.267,remove_enc_change_dec_only_False,4
466,titanic,0.8161434977578476,0.9730941704035876,15.386,0.722,0.712,17.184,3.515,remove_enc_change_dec_only_False,4
467,breast_cancer,0.9720279720279721,1.0,5.182,0.986,0.28,30.0,0.555,remove_enc_change_dec_only_False,4
468,adult,0.8288907996560619,0.9997543299348974,7.692,0.733,0.044,9.26,2.1,remove_enc_change_dec_only_False,23
469,student,0.9337342005154008,1.0,11.627,0.942,0.374,33.123,3.198,remove_enc_change_dec_only_False,23
470,heloc,0.7181644359464627,1.0,5.552,0.647,0.233,23.933,1.36,remove_enc_change_dec_only_False,23
471,student_performance,0.9018404907975459,0.8895705521472392,19.545,0.861,0.702,21.325,4.273,remove_enc_change_dec_only_False,23
472,titanic,0.8161434977578476,0.9865470852017936,15.952,0.761,0.704,17.74,3.472,remove_enc_change_dec_only_False,23
473,breast_cancer,0.965034965034965,1.0,5.134,0.987,0.275,30.0,0.548,remove_enc_change_dec_only_False,23
474,adult,0.8296278098513696,0.9992629898046924,7.681,0.739,0.047,9.288,2.139,remove_enc_change_dec_only_False,8
475,student,0.9283347650018408,0.9998772855565099,11.551,0.932,0.37,33.105,3.184,remove_enc_change_dec_only_False,8
476,heloc,0.7059273422562141,0.9996175908221796,5.597,0.621,0.251,24.007,1.376,remove_enc_change_dec_only_False,8
477,student_performance,0.8895705521472392,0.9325153374233128,19.744,0.903,0.703,21.521,4.273,remove_enc_change_dec_only_False,8
478,titanic,0.7982062780269058,0.9820627802690582,16.285,0.706,0.734,18.063,3.563,remove_enc_change_dec_only_False,8
479,breast_cancer,0.9720279720279721,1.0,5.134,0.987,0.273,30.0,0.555,remove_enc_change_dec_only_False,8
480,adult,0.8292593047537158,0.3365679891905171,7.0,0.149,0.108,8.77,2.574,remove_dec_change_enc_only_True,42
481,student,0.9317707694195608,0.4830040495766352,11.014,0.354,0.377,33.091,3.151,remove_dec_change_enc_only_True,42
482,heloc,0.7112810707456979,0.4653919694072658,4.709,0.098,0.319,23.789,1.57,remove_dec_change_enc_only_True,42
483,student_performance,0.9018404907975459,0.4233128834355828,19.455,0.389,0.714,21.202,4.317,remove_dec_change_enc_only_True,42
484,titanic,0.8161434977578476,0.4439461883408072,11.135,0.217,0.862,12.969,3.25,remove_dec_change_enc_only_True,42
485,breast_cancer,0.9720279720279721,0.5734265734265734,3.181,0.313,0.281,30.0,0.08,remove_dec_change_enc_only_True,42
486,adult,0.8299963149490235,0.3153175285591451,7.03,0.143,0.106,8.8,2.567,remove_dec_change_enc_only_True,12
487,student,0.9337342005154008,0.5066879371702049,10.973,0.376,0.379,33.051,3.149,remove_dec_change_enc_only_True,12
488,heloc,0.7036328871892925,0.4917782026768642,4.695,0.082,0.308,23.781,1.573,remove_dec_change_enc_only_True,12
489,student_performance,0.9079754601226994,0.3619631901840491,19.26,0.335,0.725,21.006,4.365,remove_dec_change_enc_only_True,12
490,titanic,0.8251121076233184,0.4663677130044843,11.442,0.262,0.886,13.274,3.329,remove_dec_change_enc_only_True,12
491,breast_cancer,0.9720279720279721,0.5384615384615384,3.179,0.26,0.288,30.0,0.086,remove_dec_change_enc_only_True,12
492,adult,0.8301191499815748,0.27035990664537524,7.022,0.112,0.108,8.792,2.572,remove_dec_change_enc_only_True,34
493,student,0.9321389127500308,0.496993496134495,11.033,0.379,0.381,33.105,3.152,remove_dec_change_enc_only_True,34
494,heloc,0.7173996175908222,0.5097514340344168,4.669,0.11,0.33,23.753,1.572,remove_dec_change_enc_only_True,34
495,student_performance,0.8834355828220859,0.4355828220858896,18.794,0.404,0.724,20.54,4.338,remove_dec_change_enc_only_True,34
496,titanic,0.8161434977578476,0.37668161434977576,11.153,0.21,0.888,12.987,3.332,remove_dec_change_enc_only_True,34
497,breast_cancer,0.965034965034965,0.6083916083916084,3.203,0.425,0.284,30.0,0.1,remove_dec_change_enc_only_True,34
498,adult,0.8296278098513696,0.3240388158702862,7.059,0.147,0.113,8.829,2.577,remove_dec_change_enc_only_True,56
499,student,0.9322616271935208,0.5066879371702049,10.963,0.374,0.379,33.033,3.143,remove_dec_change_enc_only_True,56
500,heloc,0.7216061185468451,0.4917782026768642,4.616,0.082,0.31,23.712,1.553,remove_dec_change_enc_only_True,56
501,student_performance,0.9079754601226994,0.4233128834355828,19.247,0.409,0.719,20.994,4.371,remove_dec_change_enc_only_True,56
502,titanic,0.820627802690583,0.4260089686098655,10.82,0.208,0.856,12.655,3.226,remove_dec_change_enc_only_True,56
503,breast_cancer,0.9720279720279721,0.6013986013986014,3.19,0.425,0.292,30.0,0.081,remove_dec_change_enc_only_True,56
504,adult,0.8287679646235107,0.3556074192359661,7.066,0.161,0.112,8.837,2.577,remove_dec_change_enc_only_True,3
505,student,0.9309117683151308,0.498097926125905,10.991,0.362,0.377,33.062,3.144,remove_dec_change_enc_only_True,3
506,heloc,0.7131931166347992,0.4321223709369025,4.71,0.051,0.306,23.81,1.547,remove_dec_change_enc_only_True,3
507,student_performance,0.8957055214723927,0.392638036809816,19.015,0.374,0.716,20.761,4.309,remove_dec_change_enc_only_True,3
508,titanic,0.8251121076233184,0.3587443946188341,11.171,0.179,0.866,13.004,3.357,remove_dec_change_enc_only_True,3
509,breast_cancer,0.965034965034965,0.5104895104895105,3.187,0.261,0.284,30.0,0.086,remove_dec_change_enc_only_True,3
510,adult,0.831101830241985,0.31396634320108097,7.039,0.134,0.108,8.809,2.567,remove_dec_change_enc_only_True,67
511,student,0.9300527672107008,0.501902073874095,10.995,0.356,0.381,33.073,3.152,remove_dec_change_enc_only_True,67
512,heloc,0.7154875717017208,0.518546845124283,4.706,0.101,0.329,23.798,1.542,remove_dec_change_enc_only_True,67
513,student_performance,0.9018404907975459,0.3619631901840491,18.903,0.357,0.707,20.65,4.326,remove_dec_change_enc_only_True,67
514,titanic,0.8251121076233184,0.38565022421524653,11.45,0.184,0.878,13.283,3.258,remove_dec_change_enc_only_True,67
515,breast_cancer,0.965034965034965,0.5524475524475524,3.149,0.283,0.279,30.0,0.069,remove_dec_change_enc_only_True,67
516,adult,0.8287679646235107,0.3159317037219015,7.053,0.138,0.104,8.823,2.566,remove_dec_change_enc_only_True,98
517,student,0.9271076205669408,0.505583507178795,10.952,0.385,0.379,33.03,3.148,remove_dec_change_enc_only_True,98
518,heloc,0.7040152963671128,0.4852772466539197,4.685,0.081,0.295,23.769,1.576,remove_dec_change_enc_only_True,98
519,student_performance,0.8957055214723927,0.44171779141104295,19.037,0.409,0.71,20.785,4.342,remove_dec_change_enc_only_True,98
520,titanic,0.8161434977578476,0.4035874439461883,11.306,0.22,0.858,13.139,3.262,remove_dec_change_enc_only_True,98
521,breast_cancer,0.9720279720279721,0.4545454545454545,3.147,0.205,0.287,30.0,0.075,remove_dec_change_enc_only_True,98
522,adult,0.8296278098513696,0.3086844368013757,7.039,0.127,0.11,8.809,2.572,remove_dec_change_enc_only_True,4
523,student,0.9336114860719108,0.4863173395508652,10.942,0.352,0.378,33.019,3.141,remove_dec_change_enc_only_True,4
524,heloc,0.7135755258126195,0.474187380497132,4.717,0.087,0.33,23.804,1.575,remove_dec_change_enc_only_True,4
525,student_performance,0.9018404907975459,0.34355828220858897,19.678,0.326,0.726,21.423,4.342,remove_dec_change_enc_only_True,4
526,titanic,0.8161434977578476,0.3542600896860987,10.946,0.163,0.866,12.78,3.35,remove_dec_change_enc_only_True,4
527,breast_cancer,0.9720279720279721,0.6083916083916084,3.171,0.407,0.3,30.0,0.076,remove_dec_change_enc_only_True,4
528,adult,0.830241985014126,0.3056135609875937,7.058,0.129,0.104,8.827,2.565,remove_dec_change_enc_only_True,23
529,student,0.9328751994109706,0.5028837894220151,10.999,0.38,0.38,33.063,3.147,remove_dec_change_enc_only_True,23
530,heloc,0.7078393881453154,0.4952198852772466,4.683,0.081,0.34,23.767,1.568,remove_dec_change_enc_only_True,23
531,student_performance,0.9018404907975459,0.32515337423312884,19.063,0.318,0.707,20.81,4.34,remove_dec_change_enc_only_True,23
532,titanic,0.8161434977578476,0.4260089686098655,11.604,0.201,0.865,13.435,3.256,remove_dec_change_enc_only_True,23
533,breast_cancer,0.965034965034965,0.4545454545454545,3.137,0.238,0.283,30.0,0.082,remove_dec_change_enc_only_True,23
534,adult,0.8297506448839209,0.2855914506817344,7.082,0.126,0.111,8.853,2.574,remove_dec_change_enc_only_True,8
535,student,0.9294391949932508,0.4866854828813351,10.963,0.336,0.378,33.039,3.141,remove_dec_change_enc_only_True,8
536,heloc,0.710133843212237,0.4692160611854685,4.722,0.101,0.31,23.807,1.571,remove_dec_change_enc_only_True,8
537,student_performance,0.8895705521472392,0.4355828220858896,18.953,0.421,0.716,20.699,4.327,remove_dec_change_enc_only_True,8
538,titanic,0.7982062780269058,0.4260089686098655,11.766,0.218,0.853,13.596,3.342,remove_dec_change_enc_only_True,8
539,breast_cancer,0.9720279720279721,0.5944055944055944,3.16,0.39,0.288,30.0,0.083,remove_dec_change_enc_only_True,8
540,adult,0.8297506448839209,0.3365679891905171,7.0,0.148,0.108,8.77,2.574,remove_dec_change_enc_only_False,42
541,student,0.9298073383237208,0.4827586206896552,11.014,0.353,0.377,33.093,3.15,remove_dec_change_enc_only_False,42
542,heloc,0.7147227533460803,0.4684512428298279,4.707,0.096,0.317,23.787,1.57,remove_dec_change_enc_only_False,42
543,student_performance,0.9018404907975459,0.4233128834355828,19.455,0.393,0.714,21.202,4.317,remove_dec_change_enc_only_False,42
544,titanic,0.820627802690583,0.4349775784753363,11.117,0.216,0.864,12.951,3.251,remove_dec_change_enc_only_False,42
545,breast_cancer,0.9720279720279721,0.5804195804195804,3.181,0.318,0.282,30.0,0.08,remove_dec_change_enc_only_False,42
546,adult,0.8304876550792286,0.3171600540474143,7.031,0.146,0.105,8.801,2.567,remove_dec_change_enc_only_False,12
547,student,0.9341023438458708,0.5112283715793349,10.974,0.383,0.379,33.053,3.149,remove_dec_change_enc_only_False,12
548,heloc,0.7166347992351817,0.4883365200764818,4.692,0.088,0.31,23.777,1.573,remove_dec_change_enc_only_False,12
549,student_performance,0.9018404907975459,0.3558282208588957,19.26,0.335,0.725,21.006,4.365,remove_dec_change_enc_only_False,12
550,titanic,0.8251121076233184,0.4618834080717489,11.451,0.259,0.884,13.283,3.33,remove_dec_change_enc_only_False,12
551,breast_cancer,0.9720279720279721,0.5384615384615384,3.179,0.26,0.288,30.0,0.086,remove_dec_change_enc_only_False,12
552,adult,0.8314703353396389,0.28116938950988823,7.022,0.118,0.109,8.792,2.572,remove_dec_change_enc_only_False,34
553,student,0.9329979138544606,0.498343355012885,11.035,0.38,0.381,33.107,3.153,remove_dec_change_enc_only_False,34
554,heloc,0.7158699808795411,0.4978967495219885,4.67,0.11,0.316,23.754,1.572,remove_dec_change_enc_only_False,34
555,student_performance,0.8895705521472392,0.4294478527607362,18.807,0.403,0.723,20.552,4.337,remove_dec_change_enc_only_False,34
556,titanic,0.8161434977578476,0.37668161434977576,11.144,0.209,0.889,12.978,3.334,remove_dec_change_enc_only_False,34
557,breast_cancer,0.965034965034965,0.6083916083916084,3.203,0.424,0.284,30.0,0.1,remove_dec_change_enc_only_False,34
558,adult,0.8308561601768825,0.3250214961306965,7.058,0.149,0.111,8.828,2.577,remove_dec_change_enc_only_False,56
559,student,0.9311571972021108,0.5073015093876551,10.963,0.371,0.38,33.033,3.143,remove_dec_change_enc_only_False,56
560,heloc,0.7212237093690248,0.4810707456978968,4.616,0.071,0.31,23.711,1.553,remove_dec_change_enc_only_False,56
561,student_performance,0.9079754601226994,0.4233128834355828,19.247,0.409,0.72,20.994,4.371,remove_dec_change_enc_only_False,56
562,titanic,0.820627802690583,0.4215246636771301,10.829,0.207,0.857,12.664,3.228,remove_dec_change_enc_only_False,56
563,breast_cancer,0.9720279720279721,0.6013986013986014,3.19,0.423,0.292,30.0,0.081,remove_dec_change_enc_only_False,56
564,adult,0.8285222945584081,0.3524137083896327,7.066,0.158,0.111,8.837,2.577,remove_dec_change_enc_only_False,3
565,student,0.9321389127500308,0.498711498343355,10.988,0.362,0.377,33.058,3.144,remove_dec_change_enc_only_False,3
566,heloc,0.7158699808795411,0.4309751434034417,4.711,0.052,0.305,23.811,1.546,remove_dec_change_enc_only_False,3
567,student_performance,0.8957055214723927,0.392638036809816,19.015,0.374,0.716,20.761,4.31,remove_dec_change_enc_only_False,3
568,titanic,0.8251121076233184,0.3542600896860987,11.18,0.179,0.866,13.013,3.358,remove_dec_change_enc_only_False,3
569,breast_cancer,0.965034965034965,0.5104895104895105,3.187,0.259,0.284,30.0,0.086,remove_dec_change_enc_only_False,3
570,adult,0.8304876550792286,0.313106497973222,7.039,0.135,0.109,8.809,2.567,remove_dec_change_enc_only_False,67
571,student,0.9294391949932508,0.491962203951405,10.997,0.361,0.38,33.075,3.152,remove_dec_change_enc_only_False,67
572,heloc,0.7162523900573614,0.5124282982791587,4.705,0.106,0.321,23.796,1.542,remove_dec_change_enc_only_False,67
573,student_performance,0.9018404907975459,0.3619631901840491,18.915,0.357,0.707,20.663,4.323,remove_dec_change_enc_only_False,67
574,titanic,0.8251121076233184,0.38565022421524653,11.441,0.183,0.878,13.274,3.258,remove_dec_change_enc_only_False,67
575,breast_cancer,0.965034965034965,0.5524475524475524,3.149,0.284,0.279,30.0,0.069,remove_dec_change_enc_only_False,67
576,adult,0.8304876550792286,0.3160545387544528,7.052,0.14,0.104,8.822,2.566,remove_dec_change_enc_only_False,98
577,student,0.9262486194625108,0.504110933856915,10.955,0.384,0.379,33.032,3.148,remove_dec_change_enc_only_False,98
578,heloc,0.7147227533460803,0.4615678776290631,4.688,0.092,0.294,23.773,1.576,remove_dec_change_enc_only_False,98
579,student_performance,0.8957055214723927,0.4355828220858896,19.049,0.402,0.709,20.798,4.339,remove_dec_change_enc_only_False,98
580,titanic,0.8161434977578476,0.4080717488789238,11.306,0.225,0.858,13.139,3.262,remove_dec_change_enc_only_False,98
581,breast_cancer,0.9720279720279721,0.4545454545454545,3.147,0.205,0.287,30.0,0.075,remove_dec_change_enc_only_False,98
582,adult,0.8304876550792286,0.3085616017688245,7.04,0.13,0.109,8.81,2.572,remove_dec_change_enc_only_False,4
583,student,0.9333660571849308,0.4833721929071052,10.933,0.352,0.378,33.011,3.141,remove_dec_change_enc_only_False,4
584,heloc,0.7170172084130019,0.4887189292543021,4.72,0.089,0.342,23.806,1.575,remove_dec_change_enc_only_False,4
585,student_performance,0.9079754601226994,0.3558282208588957,19.666,0.331,0.726,21.411,4.342,remove_dec_change_enc_only_False,4
586,titanic,0.8161434977578476,0.3632286995515695,10.954,0.17,0.865,12.789,3.344,remove_dec_change_enc_only_False,4
587,breast_cancer,0.9720279720279721,0.6083916083916084,3.172,0.406,0.3,30.0,0.076,remove_dec_change_enc_only_False,4
588,adult,0.8295049748188184,0.30598206608524753,7.057,0.135,0.103,8.826,2.565,remove_dec_change_enc_only_False,23
589,student,0.9338569149588908,0.500797643882685,10.997,0.378,0.379,33.06,3.147,remove_dec_change_enc_only_False,23
590,heloc,0.710133843212237,0.498661567877629,4.683,0.077,0.338,23.767,1.568,remove_dec_change_enc_only_False,23
591,student_performance,0.9018404907975459,0.32515337423312884,19.075,0.317,0.707,20.822,4.34,remove_dec_change_enc_only_False,23
592,titanic,0.8161434977578476,0.4260089686098655,11.613,0.201,0.864,13.444,3.256,remove_dec_change_enc_only_False,23
593,breast_cancer,0.965034965034965,0.4545454545454545,3.137,0.238,0.283,30.0,0.082,remove_dec_change_enc_only_False,23
594,adult,0.8296278098513696,0.2911190271465422,7.082,0.128,0.11,8.853,2.574,remove_dec_change_enc_only_False,8
595,student,0.9280893361148608,0.4836176217940852,10.963,0.341,0.377,33.04,3.141,remove_dec_change_enc_only_False,8
596,heloc,0.7105162523900573,0.4462715105162524,4.722,0.1,0.297,23.808,1.572,remove_dec_change_enc_only_False,8
597,student_performance,0.8895705521472392,0.4355828220858896,18.941,0.422,0.715,20.687,4.327,remove_dec_change_enc_only_False,8
598,titanic,0.7982062780269058,0.4260089686098655,11.775,0.218,0.854,13.605,3.339,remove_dec_change_enc_only_False,8
599,breast_cancer,0.9720279720279721,0.5944055944055944,3.16,0.389,0.288,30.0,0.083,remove_dec_change_enc_only_False,8
